{"cameraMode":{"drawMode":0,"name":"Shaded","section":"Shading Mode"},"sceneLighting":false,"audioPlay":false,"sceneViewState":{"m_AlwaysRefresh":false,"showFog":true,"showSkybox":false,"showFlares":true,"showImageEffects":true,"showParticleSystems":true,"showVisualEffectGraphs":true,"m_FxEnabled":true},"in2DMode":false,"pivot":{"x":-0.004142267629504204,"y":-0.022462626919150354,"z":-0.2088197022676468},"rotation":{"x":0.04778245463967323,"y":-0.9343554973602295,"z":0.1372128427028656,"w":0.3253813683986664},"size":0.4402957558631897,"orthographic":false}